,Index,Account,Role,Real-Skill
0,1,XuanNT21,DEV,"Python Programming Language, Java Programming Language, JavaScript Programming, SQL Programming Language, HTML Kickstart Tool, CSS Animation, Github Version Controls, AWS Cloud Services and Infrastructure, Machine Learning Technology and Methodology, Tensorflow Framework, Keras Framework"
1,2,XuanNHN,DA,"Microsoft Excel, SQL Programming Language, Tableau Online and Desktop Tools, Event-driven Architecture (EDA), Microsoft Power BI, Python Programming Language, Probability and Statistics Methodology"
2,3,VyNTB,DA,"Microsoft Excel, SQL Programming Language, Python Programming Language, MySQL Database"
3,4,VuNH29,DEV,"Python Programming Language, PostgreSQL Database, Java Communication API, Data Analytics Specialist and Consultant, Github Version Controls"
4,5,ViPT1,DEV,"Java Communication API, Github Version Controls, JavaScript Programming, Java Programming Language, HTML Kickstart Tool, CSS Animation, ReactJS Front-end Web Framework, Bootstrap Framework, Java Communication API, UI/UX Foundation"
5,6,ViNTT2,DEV/DA/DE,"Java Communication API, Github Version Controls, Java Programming Language, Java Communication API, UI/UX Foundation, Visual C# .NET Programming Language, Visual C++ .NET/MFC Programming Language, Tableau Online and Desktop Tools, Microsoft Power BI, AWS Cloud Services and Infrastructure, SQL Server Database, Agile Scrum Model and Methodology, Sisense BI Tool"
6,7,VinhNK1,DE,"Github Version Controls, JavaScript Programming, Java Programming Language, HTML Kickstart Tool, CSS Animation, ReactJS Front-end Web Framework, Bootstrap Framework, Java Communication API, UI/UX Foundation"
7,8,VinhLHH,DE,"Github Version Controls, Json Web Token, JavaScript Programming, HTML Kickstart Tool, CSS Animation, Bootstrap Framework, Python Programming Language, NodeJS Back-end Web Application Framework, JQuery Library and Programming, PostgreSQL Database, MySQL Database, COBOL Bridge for Node.js, PHP Server Scripting Language, MariaDB Database, Bash Shell Scripting"
8,9,VietTT5,DE,"Python Programming Language, R Programming Language, Tensorflow Framework, PyTorch Framework, SQL Programming Language, Machine Learning Technology and Methodology, Deep Learning Models, Data Exploring and Data Visualizations, Tableau Online and Desktop Tools, Microsoft Power BI"
9,10,Valery.nguyen,BA,"Python Programming Language, R Programming Language, Pyspark/Spark Framework, Matlab Tool, PyTorch Framework, SQL Programming Language, Machine Learning Technology and Methodology, Data Exploring and Data Visualizations, Tableau Online and Desktop Tools, Hive Database, UNIX / Linux OS Bash Scripting, Microsoft Office Accounting Software, Business Requirements, Business Risk Management, Big Data Infrastructure and Implementation, Big Data Technology"
10,11,TuVD11,DE,"Python Programming Language, R Programming Language, Pyspark/Spark Framework, Matlab Tool, PyTorch Framework, SQL Programming Language, Machine Learning Technology and Methodology, Data Exploring and Data Visualizations, Tableau Online and Desktop Tools, Hive Database, UNIX / Linux OS Bash Scripting, Microsoft Office Accounting Software, Business Requirements, Business Risk Management, Big Data Infrastructure and Implementation, Big Data Technology, Deep Learning Models, Computer Vision, Docker Tool, AWS Tool, Visual Studio C++ Programming Language, Github Version Controls"
11,12,TuLT11,DEV,"Github Version Controls, Json Web Token, JavaScript Programming, HTML Kickstart Tool, CSS Animation, Bootstrap Framework, Python Programming Language, NodeJS Back-end Web Application Framework, JQuery Library and Programming, PostgreSQL Database, MySQL Database, COBOL Bridge for Node.js, PHP Server Scripting Language, MariaDB Database, Bash Shell Scripting, Apache Groovy Scripting, Spring Framework, Java and Hibernate ORM, Microservice, Docker Tool, RabbitMQ Message Queue, Maven Artifact, TypeScript Programming Language, AngularJS Front-end Web Framework, JQuery Library and Programming, Redis Database"
12,13,TuanNT57,DEV,"Github Version Controls, Json Web Token, JavaScript Programming, HTML Kickstart Tool, CSS Animation, Bootstrap Framework, ReactJS Front-end Web Framework, JQuery Library and Programming, PostgreSQL Database, MySQL Database, COBOL Bridge for Node.js, The NPM and CLI (Command Line Interface)"
13,14,TuanNM46,DEV,"Github Version Controls, Json Web Token, JavaScript Programming, HTML Kickstart Tool, CSS Animation, Python Programming Language, NodeJS Back-end Web Application Framework, JQuery Library and Programming, PostgreSQL Database, MySQL Database, COBOL Bridge for Node.js, PHP Server Scripting Language, Spring Framework, Microservice, Docker Tool, TypeScript Programming Language, Pyspark/Spark Framework, OOP and C/C++ Programming Language, Visual C# .NET Programming Language"
14,15,TuanLQ8,PM,"Technical Project Management, Scrum Framework and Agile Model, Scrum Sprint, Business Requirements, Business Financial Performance Analysis, Plan Business Analysis Information Management, Product Operation"
15,16,TrucNT5,BA,"Technical Project Management, Critical Thinking and Problem Solving, Python Programming Language, Data Analytical Techniques, Scrum Framework and Agile Model, Scrum Sprint, Data Analytics Specialist and Consultant"
16,17,TriTHM,DEV,"Github Version Controls, Json Web Token, JavaScript Programming, HTML Kickstart Tool, CSS Animation, Python Programming Language, NodeJS Back-end Web Application Framework, JQuery Library and Programming, PostgreSQL Database, MySQL Database, COBOL Bridge for Node.js, PHP Server Scripting Language, Spring Framework, Microservice, Docker Tool, TypeScript Programming Language, Pyspark/Spark Framework, OOP and C/C++ Programming Language, Visual C# .NET Programming Language, VBA Programming Language, MongoDB Database"
17,18,TriNT13,DEV,"Github Version Controls, Json Web Token, JavaScript Programming, HTML Kickstart Tool, CSS Animation, Python Programming Language, NodeJS Back-end Web Application Framework, JQuery Library and Programming, PostgreSQL Database, MySQL Database, COBOL Bridge for Node.js, PHP Server Scripting Language, Spring Framework, Microservice, Docker Tool, TypeScript Programming Language, Pyspark/Spark Framework, OOP and C/C++ Programming Language, Microservice"
18,19,TriDH,DE/DA,"Microsoft Excel, SQL Programming Language, Python Programming Language, MySQL Database, Microsoft Power BI, Data Exploring and Data Visualizations, Data Analytics Specialist and Consultant"
19,20,TrangNVT1,DEV/DE,"Python Programming Language, Pyspark/Spark Framework, Django high-level Web Framework, PyTorch Framework, SQL Programming Language, Data Exploring and Data Visualizations, Tableau Online and Desktop Tools, Computer Vision, Docker Tool, AWS Tool, Visual Studio C++ Programming Language, Github Version Controls, MySQL Database, SQL Server Integrated Service (SSIS), Apache Hadoop Real-time Processing Framework, IIS Express and IIS Web Server, Visual C# .NET Programming Language, Github Version Controls, CSS Animation, JQuery Library and Programming, TypeScript Programming Language, AngularJS Front-end Web Framework, Scrum Framework and Agile Model, Angular Front-end Web Framework"
20,21,TrangNNT1,DA,"Microsoft Excel, SQL Programming Language, Tableau Online and Desktop Tools, Microsoft Power BI, Python Programming Language, R Programming Language, Clustering and Time Series Analytics Technique, Visual Studio C++ Programming Language, Deep Learning Models, Data Exploring and Data Visualizations"
21,22,TramVHL,PM,"Microsoft Excel, Business Requirement Document"
22,23,TramNTK,QC,"SQL Programming Language, System Testing, Regression Testing, Unit Test and Automaition Test, Unit (White box) Testing"
23,24,TongPT,DEV,"Github Version Controls, Json Web Token, JavaScript Programming, HTML Kickstart Tool, CSS Animation, Python Programming Language, NodeJS Back-end Web Application Framework, JQuery Library and Programming, PostgreSQL Database, MySQL Database, COBOL Bridge for Node.js, PHP Server Scripting Language, Spring Framework, TypeScript Programming Language, Microservice, Jira Software and Tool"
24,25,ToanLM2,DEV,"Github Version Controls, Json Web Token, JavaScript Programming, HTML Kickstart Tool, CSS Animation, Python Programming Language, JQuery Library and Programming, Spring Framework, Microservice, Jira Software and Tool, Maven Artifact"
25,26,ToanDM7,DEV,"Github Version Controls, Json Web Token, JavaScript Programming, HTML Kickstart Tool, CSS Animation, VueJS Front-end Web Framework, ReactJS Front-end Web Framework"
26,27,TinVDT,DEV,"Github Version Controls, Json Web Token, JavaScript Programming, HTML Kickstart Tool, CSS Animation, Python Programming Language, JQuery Library and Programming, PostgreSQL Database, MySQL Database, COBOL Bridge for Node.js, Spring Framework, TypeScript Programming Language, Microservice, Jira Software and Tool, Oracle Database Administration and Maintenance, Docker Tool, Apache Kafka Distributed Streaming Platform, AWS Tool"
27,28,TinPH2,DE,"Python Programming Language, R Programming Language, Tensorflow Framework, SQL Programming Language, Machine Learning Technology and Methodology, Deep Learning Models, Data Exploring and Data Visualizations, Tableau Online and Desktop Tools, Microsoft Power BI, Computer Vision, Data PreProcessing and Data Modeling, MongoDB Database, Visual C# .NET Programming Language, Django high-level Web Framework"
28,29,TinNV9,DEV,"Github Version Controls, Json Web Token, JavaScript Programming, HTML Kickstart Tool, CSS Animation, Spring Framework, Microservice, Docker Tool, TypeScript Programming Language, Pyspark/Spark Framework, OOP and C/C++ Programming Language, Microservice, GraphQL Programming, Apache Groovy Scripting"
29,30,TienVA,DA,"Microsoft Excel, SQL Programming Language, MySQL Database, R Programming Language, Self-Study and Research Skills, Data Analysis"
30,31,ThuyTTT22,DS/DE/DA,"Python Programming Language, R Programming Language, SQL Programming Language, Data Exploring and Data Visualizations, Deep Learning Models, Computer Vision, Visual Studio C++ Programming Language, Amazon QuickSight-Fast Business Analytics Service, Camera / Image Processing, AWS Tool"
31,32,ThucHH,DE,"Python Programming Language, SQL Programming Language, Data Exploring and Data Visualizations, Tableau Online and Desktop Tools, Microsoft Power BI, Computer Vision, Data PreProcessing and Data Modeling, Seaborn API, Docker Tool, Rest-Assured Web Service and API Testing Tool, Microsoft Power BI, NumPy Library and Programming, Pandas Software Package"
32,33,ThuanDT1,DE,"Python Programming Language, SQL Programming Language, Tableau Online and Desktop Tools, Microsoft Power BI, Microsoft Power BI, Github Version Controls, PyTorch Framework, Visual C# .NET Programming Language, Java Programming Language, Machine Learning Technology and Methodology, Data Analytical Models"
33,34,ThongN2,DA/DE,"Python Programming Language, Tensorflow Framework, SQL Programming Language, Machine Learning Technology and Methodology, Deep Learning Models, Data Exploring and Data Visualizations, Flask WSGI Micro Web Framework, Probability and Statistics Methodology, Docker Tool, Java Programming Language, ReactJS Front-end Web Framework, RabbitMQ Message Queue, PyTorch Framework, JavaScript Programming"
34,35,ThinhTL1,DA,"Microsoft Excel, SQL Programming Language, Tableau Online and Desktop Tools, Microsoft Power BI, Python Programming Language, Financial Reporting, Data Analytical Models, Critical Thinking and Problem Solving"
35,36,ThinhMQ,DEV,"Java Programming Language, Spring Framework, Java and Hibernate ORM, Microservice, Github Version Controls, Json Web Token, Python Programming Language, Pyspark/Spark Framework, AWS Tool, HTML Kickstart Tool, CSS Animation, JQuery Library and Programming, Spring MVC-Spring Boot, PostgreSQL Database, MySQL Database, AngularJS Front-end Web Framework, NodeJS Back-end Web Application Framework, JavaScript Programming"
36,37,ThinhLT5,DEV,"Java Programming Language, Spring Framework, Java and Hibernate ORM, Microservice, Github Version Controls, Json Web Token, HTML Kickstart Tool, CSS Animation, JQuery Library and Programming, Spring MVC-Spring Boot, MySQL Database, JavaScript Programming"
37,38,ThienNN9,DEV,"Java Programming Language, Spring Framework, Java and Hibernate ORM, Microservice, Github Version Controls, Json Web Token, HTML Kickstart Tool, CSS Animation, JavaScript Programming, OOP and C/C++ Programming Language, Python Programming Language"
38,39,ThaoPT17,PM/Scrum Master,"Microsoft Office Online, Asana or Trello Software, Argumentation and Logical Thinking, Requirement Management and Communication, Agile Scrum Model and Methodology, Scrum Framework and Agile Model, Microsoft Power BI"
39,40,ThaoPH2,DA,"Microsoft Excel, SQL Programming Language, Tableau Online and Desktop Tools, Event-driven Architecture (EDA), Microsoft Power BI, Python Programming Language, Probability and Statistics Methodology"
40,41,ThaoNTP18,DEV,"OOP and C/C++ Programming Language, Automation Testing, Big Data Technology, Pyspark/Spark Framework"
41,42,ThanhPLD,BA,"Visual C# .NET Programming Language, Github Version Controls, Figma Tool, Axure Tool, Adobe XD Mockups, ReactJS Front-end Web Framework, AngularJS Front-end Web Framework, Azure Functions"
42,43,ThaiPT,DEV,"Python Programming Language, SQL Programming Language, Flask WSGI Micro Web Framework, Deep Learning Models, Feed-Forward Neural Networks - Artificial Neuron, Scikit-Learn Framework, Salesforce Platform, APEX Unit Test"
43,44,ThachLHN,DA,"Microsoft Excel, SQL Programming Language, Tableau Online and Desktop Tools, Event-driven Architecture (EDA), Microsoft Power BI, Python Programming Language"
44,45,TanTNN,DEV,"Python Programming Language, SQL Programming Language, OOP and C/C++ Programming Language, Deep Learning Models, Feed-Forward Neural Networks - Artificial Neuron, Scikit-Learn Framework, Matlab Tool, R Programming Language, JavaScript Platform, Github Version Controls, VBA Programming Language, Tensorflow Framework, Keras Framework, Apache Spark Framework, Pandas Software Package, Control Add-in by HTML-JScript-jQuery and CSS"
45,46,TanPVP,DA,"Microsoft Excel, Microsoft Power BI, Python Programming Language"
46,47,TanNLL,DEV,"NodeJS Back-end Web Application Framework, Angular Front-end Web Framework, Jenkins Framework and Tool, Python Programming Language, VueJS Front-end Web Framework, AWS Tool"
47,48,TamLT9,DE,"Java Programming Language, Spring Framework, Java and Hibernate ORM, Microservice, Github Version Controls, Json Web Token, Python Programming Language, Pyspark/Spark Framework, AWS Tool, HTML Kickstart Tool, CSS Animation, JQuery Library and Programming, Spring MVC-Spring Boot, PostgreSQL Database, MySQL Database, AngularJS Front-end Web Framework, NodeJS Back-end Web Application Framework, JavaScript Programming"
48,49,SyTH,DEV,"Java Programming Language, Github Version Controls, Json Web Token, AWS Tool, HTML Kickstart Tool, CSS Animation, Visual C# .NET Programming Language"
49,50,SonDNT1,DE,"Java Programming Language, Github Version Controls, Json Web Token, AWS Tool, SQL Data Warehouse, Data Analytical Techniques, Qlik Sense, Power BI Development, Microsoft Power BI, Sisense BI Tool, Data PreProcessing and Data Modeling, Spring MVC-Spring Boot, Python Programming Language, NumPy Library and Programming, SQL Server Integrated Service (SSIS), Apache Cassandra Database, Work Management, AWS Tool"
50,51,SinhNTA,DE,"Visual C# .NET Programming Language, Github Version Controls, Json Web Token, AWS Tool, SQL Data Warehouse, Data Analytical Techniques, Spring MVC-Spring Boot, Python Programming Language, NumPy Library and Programming, Java Programming Language, Computer Vision, Selenium Web Automation Tool"
51,52,SangTA1,DEV,"Microsoft Excel, Microsoft Power BI, Python Programming Language, Docker Tool, Github Version Controls, MySQL MSQL Programming Language, MongoDB Database"
52,53,RichPVN,DEV,"Java Programming Language, Spring Framework, Java and Hibernate ORM, Microservice, Github Version Controls, Json Web Token, Python Programming Language, Pyspark/Spark Framework, AWS Tool, HTML Kickstart Tool, CSS Animation, JQuery Library and Programming, Spring MVC-Spring Boot, AngularJS Front-end Web Framework, NodeJS Back-end Web Application Framework, JavaScript Programming, Jenkins Framework and Tool, ReactJS Front-end Web Framework, Big Data Technology, Machine Learning Technology and Methodology"
53,54,QuynhTT3,Tester,"Postman Tool (Web Testing and API Testing), The NPM and CLI (Command Line Interface), Swagger Tools, SQL Server Database Administration, Visual C# .NET Programming Language, MySQL Database, Quality Center(QC) - HP ALM /Quality Center, Quality Control (QC), Unit (White box) Testing"
54,55,QuyND4,DEV,"Embedded C Platform, Java Programming Language, Python Programming Language, Visual C# .NET Programming Language, JavaScript Programming"
55,56,QuynMT,DE,"R Programming Language, Microsoft Power BI, Data Exploring and Data Visualizations, SQL Programming Language, SSIS - SQL Server Integrated Services"
56,57,QuanVM4,DEV,"Python Programming Language, AWS Tool, Bash Shell Scripting, Docker Tool, Terraform Enterprise Tool, Github Version Controls, Json Web Token, Pyspark/Spark Framework, SQL Programming Language, Microservice, Java Programming Language, JavaScript Programming"
57,58,QuanTM14,DEV,"Python Programming Language, SQL Programming Language, Machine Learning Technology and Methodology, Data Exploring and Data Visualizations, MySQL Database, SQL Server Database"
58,59,QuanPA2,DE,"Python Programming Language, Github Version Controls, Json Web Token, Pyspark/Spark Framework, SQL Programming Language, Microservice, SSIS - SQL Server Integrated Services, PostgreSQL Database, MongoDB Database, Pyspark/Spark Framework, Microsoft Power BI, Data Exploring and Data Visualizations"
59,60,QuanLE,DEV/PM,"Python Programming Language, Agile Scrum Model and Methodology, JavaScript Programming, Technical Project Management, Big Data Technology, Enterprise Data Integration (EII), Pyspark/Spark Framework, SDLC (Software Development Life Cycle) Methodology, Make Strategic Planning"
60,61,PhuTT1,DEV,"Visual C# .NET Programming Language, .NET Entity Framework, Github Version Controls, Json Web Token, Azure Cloud Service and Infrastructure, JavaScript Programming, AngularJS Front-end Web Framework, JQuery Library and Programming, TypeScript Programming Language"
61,62,PhuTD2,DS,"Machine Learning Technology and Methodology, Pyspark/Spark Framework, Python Programming Language, Data Analysis, Apache Hadoop Real-time Processing Framework, Big Data Technology, PostgreSQL Database, Hive Database, SQL Server Database, Tensorflow Framework, Apache Spark Framework, Scikit-Learn Framework, Github Version Controls, Agile Scrum Model and Methodology"
62,63,PhuongHNN,DA,"Microsoft Excel, Microsoft Power BI, Python Programming Language, SQL Programming Language, Data Analysis, Data Exploring and Data Visualizations"
63,64,PhuongCX,DE,"Python Programming Language, Github Version Controls, Json Web Token, Pyspark/Spark Framework, SQL Programming Language, Microservice, SSIS - SQL Server Integrated Services, PostgreSQL Database, MongoDB Database, Pyspark/Spark Framework, Neo4j Database, The ElasticSearch Engine, AWS Tool, JavaScript Programming, NodeJS Back-end Web Application Framework, ReactJS Front-end Web Framework, Linux Operation System, Data Analysis"
64,65,PhuocT1,DEV,"Python Programming Language, JavaScript Programming, Java Programming Language, Spring Framework, Java and Hibernate ORM, PostgreSQL Database, Github Version Controls, Json Web Token, AWS Tool, Apache Spark Framework, Gradle Build Tool, Docker Tool, PostgreSQL Database, JQuery Library and Programming, Spring Framework"
65,66,PhuocNH11,DEV,"Visual C# .NET Programming Language, JQuery Library and Programming, AngularJS Front-end Web Framework, React Native Mobile Application Framework, ReactJS Front-end Web Framework, Python Programming Language, Pyspark/Spark Framework, MongoDB Database, SQL Programming Language, SharePoint Foundation, Firebase Realtime Database, AngularJS Front-end Web Framework, TypeScript Programming Language, Microsoft PowerShell Scripting, Linux Operation System, ASP.NET Web Forms, Jira Software and Tool, Redis Database, Oracle Database"
66,67,PhuNQ,SA,"Data Warehouse, Oracle Business Intelligence (BI) Reports, JavaScript Programming, Visual Basic .NET Programming Language, AWS Tool, SQL Server Database, Struts MVC framework, .NET Hibernate Framework, Microservice, GitLab Version Controls, Json Web Token, SSIS - SQL Server Integrated Services, Tableau Online and Desktop Tools, RabbitMQ Message Queue, PostgreSQL Database, JavaScript Programming, TypeScript Programming Language, AngularJS Front-end Web Framework, MySQL MSQL Programming Language, MySQL Database, JQuery Library and Programming, Python Programming Language, Flask WSGI Micro Web Framework, Docker Tool, MariaDB Database"
67,68,PhatPT8,DE,"Data Warehouse, Python Programming Language, R Programming Language, SQL Server Database, SQL Programming Language, PHP OOP Programming, Visual C# .NET Programming Language, Json Web Token, Github Version Controls, AWS Tool, Docker Tool, Django high-level Web Framework, Machine Learning Technology and Methodology"
68,69,PhatLT9,DEV,"PHP OOP Programming, JavaScript Programming, TypeScript Programming Language, AWS Tool, Microservice, GitLab Version Controls, Json Web Token, JQuery Library and Programming, AngularJS Front-end Web Framework, PostgreSQL Database, MySQL MSQL Programming Language, MySQL Database, NodeJS Back-end Web Application Framework, Laravel Framework, Bootstrap Framework"
69,70,NhutDM1,DEV,"JavaScript Programming, Python Programming Language, Java Programming Language, SQL Programming Language, Big Data Technology, Pyspark/Spark Framework, Json Web Token, SVN Version Controls, Maven Artifact, PostgreSQL Database, JQuery Library and Programming, Oracle Database"
70,71,NhungNH13,DE,"Data Warehouse, Python Programming Language, R Programming Language, SQL Server Database, SQL Programming Language, Json Web Token, Github Version Controls, AWS Tool, Docker Tool, Machine Learning Technology and Methodology, Data Exploring and Data Visualizations, Hive Database, MongoDB Database, Tensorflow Framework, PostgreSQL Database, SSIS - SQL Server Integrated Services, Microsoft Power BI, Apache Hadoop Real-time Processing Framework"
71,72,NhiNTH1,DE/DA,"Data Warehouse, Python Programming Language, R Programming Language, SQL Server Database, SQL Programming Language, Json Web Token, Github Version Controls, AWS Tool, Docker Tool, Machine Learning Technology and Methodology, Data Exploring and Data Visualizations, SSIS - SQL Server Integrated Services, Microsoft Power BI, Data Analysis, Database Transformation and Loading"
72,73,NhiLT4,DE,"Data Warehouse, Python Programming Language, SQL Server Database, SQL Programming Language, Json Web Token, Github Version Controls, AWS Tool, Docker Tool, Machine Learning Technology and Methodology, SSIS - SQL Server Integrated Services"
73,74,NhatLQ3,DE,"Python Programming Language, Microsoft Power BI, SQL Server Database, Computer Vision, Data Modeling and Data Mining, Apache Spark Framework, Apache Hadoop Real-time Processing Framework, R Programming Language"
74,75,NhanNT51,DEV,"Python Programming Language, R Programming Language, OOP and C/C++ Programming Language"
75,76,NhanNH12,DEV,"JavaScript Programming, TypeScript Programming Language, AngularJS Front-end Web Framework, ReactJS Front-end Web Framework, GitLab Version Controls, Json Web Token"
76,77,NhanDV6,DS,"Python Programming Language, MatLab Programming Language, Matlab Tool, Microsoft Excel, SQL Programming Language, Pyspark/Spark Framework, OOP and C/C++ Programming Language, R Programming Language, Solid Mathematical and Algorithms Knowledge, Probability and Statistics Methodology, Camera / Image Processing, Computer Vision, Machine Learning Technology and Methodology, Deep Learning Models, Data Analysis, Data Exploring and Data Visualizations, Clustering and Time Series Analytics Technique, Event-driven Architecture (EDA), Data Mining and Segmentation Techniques., Tableau Online and Desktop Tools, Microsoft Power BI"
77,78,NguyenLNC1,PM,"Performance and Productivity Management, Product Operation, Resource Management, Project Contract Management, Technical Project Management, Define and Revise the Scope Statements, Tasks Estimation and Definition, Make Schedule for Releasing Deliverables, Quality Management, Time Management Abilities, Risk Management, Critical Thinking and Problem Solving, Leadership, Visual C# .NET Programming Language, Java Programming Language, SQL Server Database, MySQL MSQL Programming Language, Odoo Open Source ERP and CRM"
78,79,NghiaTT26,DE,"Python Programming Language, R Programming Language, Data Warehouse, SQL Programming Language, Visual C# .NET Programming Language, JavaScript Programming, Microsoft Power BI, SSIS - SQL Server Integrated Services, Docker Tool"
79,80,NganTN2,DEV,"JavaScript Programming, Java Programming Language, SQL Programming Language, Json Web Token, Maven Artifact, PostgreSQL Database, SSIS - SQL Server Integrated Services, Shell Scripting, JavaScript Programming, AngularJS Front-end Web Framework"
80,81,NamPD4,Tester,"Manual Testing, Automation Testing, Unit (White box) Testing"
81,82,NamMB,DE,"Python Programming Language, R Programming Language, Visual C# .NET Programming Language, OOP and C/C++ Programming Language, Github Version Controls, Data PreProcessing and Data Modeling, AWS Tool, SQL Programming Language"
82,83,MinhNQ18,DEV,"JavaScript Programming, Visual C# .NET Programming Language, React Native Mobile Application Framework, SQL Programming Language, SQL Server Database, Xamarin Framework"
83,84,MinhNLD,DEV,"JavaScript Programming, React Native Mobile Application Framework, ReactJS Front-end Web Framework, TypeScript Programming Language, UI/UX Foundation, Sprint Planning"
84,85,MinhNL9,DE,"Python Programming Language, AWS Tool, Bash Shell Scripting, Docker Tool, Terraform Enterprise Tool, Terraform Enterprise Tool, Github Version Controls, Json Web Token, Pyspark/Spark Framework, SQL Programming Language, Docker Tool, Apache Kafka Distributed Streaming Platform, MongoDB Database, NodeJS Back-end Web Application Framework"
85,86,MinhHV12,DE/DA,"Data Analysis, Data Analytical Techniques, Tableau Online and Desktop Tools, Microsoft Power BI, Python Programming Language, R Programming Language, SQL Programming Language, Quantitative Analysis, Data Exploring and Data Visualizations, Database Transformation and Loading"
86,87,MinhH1,DE,"Python Programming Language, SQL Programming Language, Microsoft Power BI, Automation Test Framework"
87,88,MaiNQ2,BA,"Python Programming Language, SQL Programming Language, Automation Test Framework, Tableau Online and Desktop Tools, Microsoft Excel"
88,89,LuongLQ1,DE,"Python Programming Language, SQL Programming Language, Tableau Online and Desktop Tools, Microsoft Excel, Visual C# .NET Programming Language, Data Warehouse, SQL Data Warehouse, Data Lake, AWS Simple Storage Service (Amazon S3), SQL Server Database, Oracle Database, PostgreSQL Database, IBM DB2 Database Development, MySQL Database, The ElasticSearch Engine, Apache Hadoop Real-time Processing Framework, Qlik Sense, ASP.NET Web API Development and Deployment, SSIS - SQL Server Integrated Services, Service Bus, Queue Storage, Linux Operation System, Apache Spark Framework, AWS Tool, Delphi Programming Language, Github Version Controls"
89,90,LongNC5,DEV,"Python Programming Language, SQL Programming Language, Tableau Online and Desktop Tools, Microsoft Excel, JavaScript Programming, ReactJS Front-end Web Framework, TypeScript Programming Language, NodeJS Back-end Web Application Framework, Redux Saga API, Github Version Controls, GraphQL Programming, AWS Tool, Google Cloud Service and Infrastructure, Docker Tool, Java Programming Language, JQuery Library and Programming, PostgreSQL Database, MongoDB Database, Figma Tool, AutoCAD Design and Software, Matlab Tool, Pyspark/Spark Framework"
90,91,LinhTP3,DA,"Microsoft Excel, Python Programming Language, SQL Programming Language, Data Analysis"
91,92,LinhNT84,DEV,"Python Programming Language, SQL Programming Language, Microsoft Power BI"
92,93,LinhND34,DEV,"Python Programming Language, SQL Programming Language, Data Analysis, Machine Learning Technology and Methodology, Regression Analysis, Boosting with XGBoost, Deep Learning Models, Computer Vision, Java Programming Language, Tensorflow Framework, PyTorch Framework, NumPy Library and Programming, Pandas Software Package, Probability and Statistics Methodology"
93,94,LinhHTT6,PM,"Technical Project Management, Resource Management, Product Operation, Data Analysis, Measure and Track Project Performance, Power BI Reporting, Software Development Scopes, Tasks Estimation and Definition, Maintaining Delivery Momentum Schedule, Quality Management, Time Management Abilities, nTask Risk Management Tool., Critical Thinking and Problem Solving, Visual C# .NET Programming Language, Java Programming Language, SQL Programming Language"
94,95,LienBQ,DA,"Microsoft Excel, Python Programming Language, SQL Programming Language, Data Analysis, PostgreSQL Database, Neo4j Database, Apache Hadoop Real-time Processing Framework, Docker Tool, Kubernetes Tool"
95,96,LeDTH1,DA,"Microsoft Excel, Python Programming Language, SQL Programming Language, Data Analysis, PostgreSQL Database, Neo4j Database, Apache Hadoop Real-time Processing Framework, Docker Tool, Kubernetes Tool, Power BI Reporting, Microsoft Power BI"
96,97,LanLH,DEV,"Visual C# .NET Programming Language, Big Data Technology, Swift Programming Language, Visual C# .NET Programming Language (Xamarin), Ionic Framework, Pyspark/Spark Framework, Data Analysis, AngularJS Front-end Web Framework, SQL Programming Language, SQLite Database, PostgreSQL Database, JavaScript Programming"
97,98,LanhTT,PM/Scrum Master/BA,"Technical Project Management, Data Analysis, Plan Business Analysis Information Management, Software Testing Engineering, Scrum Framework and Agile Model, AWS Tool, SQL Programming Language, Argumentation and Logical Thinking, Airbus Skywise, Jira Software and Tool"
98,99,LamNH17,DE,"Python Programming Language, SQL Programming Language, Java Programming Language, Apache Spark Framework, Tableau Online and Desktop Tools, Pyspark/Spark Framework"
99,100,KietDH,BA,"Technical Project Management, Plan and Approach for Business Analysis, Scrum Framework and Agile Model, Jira Software and Tool, Microsoft Visio Software, Draw.io Online Design, Microsoft Office Online, Asana or Trello Software"
100,101,KhoiNXM,DS,"Python Programming Language, SQL Programming Language, Apache Spark Framework, Tableau Online and Desktop Tools, Pyspark/Spark Framework, Machine Learning Technology and Methodology, Deep Learning Models, Camera / Image Processing, Computer Vision, Neural Word Embeddings, Data PreProcessing and Data Modeling, Clustering and Time Series Analytics Technique, Postman Tool (Web Testing and API Testing), Apache Spark Framework, Tensorflow Framework, Scikit-Learn Framework, Keras Framework, Long Short-Term Memory (LSTM), Microsoft Power BI, Matlab Tool, GNU Octave Platform, Selenium Web Automation Tool, Pyspark/Spark Framework, Github Version Controls, MySQL Database, PostgreSQL Database"
101,102,KhoaPNT,DA,"BigQuery Programming Language, Microsoft Excel, Python Programming Language, SQL Programming Language, Data Analysis, PostgreSQL Database, Power BI Reporting, Microsoft Power BI"
102,103,KhoaPD10,DE,"Microsoft Excel, Python Programming Language, SQL Programming Language, Oracle Database, UML Diagrams Design, SQL Server Database, Data Exploring and Data Visualizations, OOP and C/C++ Programming Language"
103,104,KhoaND51,DEV/DE,"Python Programming Language, SQL Programming Language, Machine Learning Technology and Methodology, Deep Learning Models, Camera / Image Processing, Computer Vision, Neural Word Embeddings, Data PreProcessing and Data Modeling, Clustering and Time Series Analytics Technique, Tensorflow Framework, Scikit-Learn Framework, Keras Framework, Long Short-Term Memory (LSTM), Github Version Controls, Probability and Statistics Methodology"
104,105,KhanhLH2,DS,"Python Programming Language, SQL Programming Language, R Programming Language, Deep Learning Models, Camera / Image Processing, Computer Vision, Neural Word Embeddings, Data PreProcessing and Data Modeling, Clustering and Time Series Analytics Technique, Tensorflow Framework, Scikit-Learn Framework, Keras Framework, Github Version Controls, MySQL Database, PostgreSQL Database, AWS Tool, R Programming Language, Docker Tool, Bootstrap Framework, Gradient Base Optimization, Matlab Tool, Data Analysis, Critical Thinking and Problem Solving, OOP and C/C++ Programming Language"
105,106,KhangTN5,BA,"Critical Thinking and Problem Solving, MockFlow Wireframe and Prototyping Tools, Use Case Diagram, Microsoft Office Online"
106,107,KhangNHNC,DE,"Python Programming Language, SQL Programming Language, Matlab Tool, Fortran Programming Language, Data PreProcessing and Data Modeling, Machine Learning Technology and Methodology"
107,108,KhangND2,DEV,"Software Testing Engineering, SQL Programming Language, SQL Server Database, PostgreSQL Database, JavaScript Programming, TypeScript Programming Language, Angular Front-end Web Framework, JQuery Library and Programming, Scrum Framework and Agile Model"
108,109,KhangDD1,DEV/PM,"Python Programming Language, SQL Programming Language, Pyspark/Spark Framework, TypeScript Programming Language, AWS Tool, Microservice, R Programming Language, Java Programming Language, JavaScript Programming, Github Version Controls, Json Web Token, Technical Project Management, Quick Test Pro (QTP) Automation Testing Tool, Selenium Automation Testing Tool"
109,110,KhaDK,DEV,"Github Version Controls, Json Web Token, JavaScript Programming, HTML Kickstart Tool, CSS Animation, JQuery Library and Programming, PostgreSQL Database, MySQL Database, Spring Framework, TypeScript Programming Language, AngularJS Front-end Web Framework"
110,111,HuyTD18,DE,"Python Programming Language, SQL Programming Language, Pyspark/Spark Framework, AWS Tool, JavaScript Programming, Github Version Controls, Json Web Token, Keras Framework, Scikit-Learn Framework, Tensorflow Framework, Docker Tool, Microsoft Power BI, Apache Hadoop Real-time Processing Framework, PostgreSQL Database, MySQL Database"
111,112,HuyNT27,DEV,"Python Programming Language, SQL Programming Language, Pyspark/Spark Framework, Github Version Controls, Json Web Token, Microsoft Power BI, PostgreSQL Database, MySQL Database, SQL Server Integrated Service (SSIS), Java Programming Language, Data Warehouse, Pandas Software Package, NumPy Library and Programming"
112,113,HuyNN16,DEV,"Python Programming Language, SQL Programming Language, Pyspark/Spark Framework, Github Version Controls, Json Web Token, PostgreSQL Database, MySQL Database, SQL Server Integrated Service (SSIS), Java Programming Language, Objective-C Programming Language (iOS Native), ReactJS Front-end Web Framework, AWS Tool, Docker Tool, JavaScript Programming, JQuery Library and Programming, The ElasticSearch Engine, Microservice, Unit (White box) Testing"
113,114,HuynhNT3,DA,"Python Programming Language, SQL Programming Language, PostgreSQL Database, R Programming Language, OOP and C/C++ Programming Language, Docker Tool, Github Version Controls, Json Web Token"
114,115,HuyN69,BA,"Identify Business Analysis Performance Improvement, Critical Thinking and Problem Solving"
115,116,HuyDH,Tester,"Java Programming Language, Postman Automation Testing Tool, Python Programming Language, Manual Testing, Github Version Controls, SQL Programming Language, PostgreSQL Database"
116,117,HuuNLP,DEV,"PHP OOP Programming, JavaScript Programming, Json Web Token, JQuery Library and Programming, AngularJS Front-end Web Framework, PostgreSQL Database, MySQL MSQL Programming Language, MySQL Database, Laravel Framework, Bootstrap Framework, Angular Front-end Web Framework, MongoDB Database, Python Programming Language, CakePHP Framework, CodeIgniter Framework, NodeJS Back-end Web Application Framework, NGINX Unit Web Server, GitLab Version Controls, Bootstrap Framework"
117,118,HungND74,DEV/DE,"Python Programming Language, SQL Programming Language, Microsoft Power BI, Pandas Software Package, NumPy Library and Programming, Tensorflow Framework, Github Version Controls, Java Programming Language, Kotlin Programming Language, OOP and C/C++ Programming Language, Machine Learning Technology and Methodology, SSIS - SQL Server Integrated Services, JavaScript Programming, TypeScript Programming Language, PostgreSQL Database, MongoDB Database, ReactJS Front-end Web Framework, JQuery Library and Programming, AWS Tool, Docker Tool"
118,119,HungHA,DEV/DE,"Java Programming Language, Python Programming Language, Spring Framework, Java and Hibernate ORM, Struts MVC framework, Json Web Token, AWS Tool, Vaadin Framework, MySQL Database, Maven Artifact, Gradle App Engine Plugin, PostgreSQL Database, JavaScript Programming, The NPM and CLI (Command Line Interface), Apache Spark Framework"
119,120,HueVM,QC/Tester,"Unit (White box) Testing, Automation Test Framework, Automation Testing, Manual Testing"
120,121,HongND2,DA,"Python Programming Language, SQL Programming Language, Power BI Reporting, Microsoft Power BI, Github Version Controls, Flexibility/Adaptability, Teamwork Skills, Pyspark/Spark Framework, SSAS for Microsoft Dynamics Analysis, Agile Scrum Model and Methodology"
121,122,HoanNK2,DEV,"Java Programming Language, Selenium Testing Framework, TypeScript Programming Language, Google Cloud Service and Infrastructure, Microservice, AWS Tool, JavaScript Programming, MongoDB Database, Java Restful Web Services"
122,123,HoangTD99,DE,"Python Programming Language, SQL Programming Language, Data Warehouse, Machine Learning Technology and Methodology, JavaScript Programming, Json Web Token, AWS Tool, Docker Tool, Spring MVC-Spring Boot, Django high-level Web Framework, Java and Hibernate ORM, Maven Artifact, JSP and Servlet, Bootstrap Framework, PostgreSQL Database, SQL Server Integrated Service (SSIS)"
123,124,HoangNN11,DEV,"JavaScript Programming, Visual C# .NET Programming Language, React Native Mobile Application Framework, SQL Programming Language, SQL Server Database, Xamarin Framework, TypeScript Programming Language, SQL Server Database, Entity Framework ORM and Programming, ASP.NET Web API Development and Deployment, Json Web Token, Github Version Controls, Microservice, AWS Tool, Docker Tool, PostgreSQL Database, JavaScript Programming, AngularJS Front-end Web Framework, JQuery Library and Programming, SQLite Database, Bootstrap Framework, Karma JavaScript Unit Testing Framework"
124,125,HoangLD2,DEV/PM/Scrum Master,"Agile Scrum Model and Methodology, Scrum Framework and Agile Model, Kanban Methodology and Workflow, Visual C# .NET Programming Language, AngularJS Front-end Web Framework, NodeJS Back-end Web Application Framework, PHP MVC Scripts, PHP OOP Programming, SQL Server Database, JavaScript Platform, JavaScript Programming, JQuery Library and Programming, TypeScript Programming Language, Technical Project Management, Process Improvement and Management, Critical Thinking and Problem Solving"
125,126,HoaHT13,DE,"Python Programming Language, SQL Programming Language, Data Warehouse, Microsoft Power BI, Tableau Online and Desktop Tools, Pandas Software Package, NumPy Library and Programming, SQL Server Database, Tensorflow Framework, Github Version Controls, Apache Spark Framework, OOP and C/C++ Programming Language, Apache Kafka Distributed Streaming Platform, Airbus Skywise, Machine Learning Technology and Methodology, SSIS - SQL Server Integrated Services, AWS Tool, Sisense BI Tool"
126,127,HieuTQ6,DA,"Python Programming Language, SQL Programming Language, Microsoft Office Online, Negotiation, Critical Thinking and Problem Solving"
127,128,HieuHT12,DEV/DE,"Python Programming Language, SQL Programming Language, Java Programming Language, JavaScript Programming, AWS Tool, Microservice, Spring Framework, Java and Hibernate ORM, Github Version Controls, Json Web Token, Docker Tool, RabbitMQ Message Queue, Maven Artifact, Gradle App Engine Plugin, PostgreSQL Database, TypeScript Programming Language, AngularJS Front-end Web Framework"
128,129,HieuHM,DE/PM,"Python Programming Language, Pyspark/Spark Framework, Scala Programming Language, AWS Tool, Microservice, Azure Databricks, Json Web Token, Django high-level Web Framework, Docker Tool, RabbitMQ Message Queue, Apache Hadoop Real-time Processing Framework, Project Milestone and Timeline, Customer Goals Segmentation, The ElasticSearch Engine, JavaScript Programming, AngularJS Front-end Web Framework, Technical Project Management"
129,130,HiepPDN,DE,"SQL Programming Language, Java Programming Language, R Programming Language, Xero Online Accounting, POS Testing, Microsoft Excel"
130,131,HienLV1,DA,"Python Programming Language, AWS Tool, Microsoft Power BI, Qlik Sense, Tableau Online and Desktop Tools, SQL Programming Language"
131,132,HauPC,DE/DS,"OOP and C/C++ Programming Language, Python Programming Language, Big Data Technology, Data Analysis, The Programming Algorithms, Apache Spark Framework, Microservice, Github Version Controls, SQL Server Database, Machine Learning Technology and Methodology, Computer Vision, Solid Mathematical and Algorithms Knowledge, Critical Thinking and Problem Solving, The ElasticSearch Engine, Deep Learning Models"
132,133,HaPT6,PM/Scrum Master/Tester/BA,"Scrum Framework and Agile Model, Integration Testing, System Testing, UAT (User Acceptance Testing) Testing, Regression Testing, Java Programming Language, Visual C# .NET Programming Language, SQL Server Database, SQL Programming Language"
133,134,HaoTT3,DEV,"JavaScript Programming, TypeScript Programming Language, AngularJS Front-end Web Framework, ReactJS Front-end Web Framework, Visual C# .NET Programming Language, AWS Tool, SQL Server Database, ASP.NET MVC"
134,135,HaNBN1,DEV,"JavaScript Programming, TypeScript Programming Language, AngularJS Front-end Web Framework, ReactJS Front-end Web Framework, Visual C# .NET Programming Language, SQL Server Database, Python Programming Language, Tableau Online and Desktop Tools"
135,136,GiangNTT12,DEV/DA,"Python Programming Language, Tableau Online and Desktop Tools, Microsoft Power BI, MySQL Database, VBA Programming Language, R Programming Language, MatLab Programming Language"
136,137,DuyNN20,DS,"Python Programming Language, Tableau Online and Desktop Tools, Microsoft Power BI, MySQL Database, R Programming Language, Probability and Statistics Methodology, SQL Server Database, SQL Programming Language, Microsoft Power BI, Deep Learning Models, Machine Learning Technology and Methodology, Github Version Controls, Pyspark/Spark Framework, Leadership, Technical Project Management, Cloudera - Apache-Hadoop, Google Data Studio, Quality Management"
137,138,DuyenTTT3,DE,"Python Programming Language, MySQL Database, Machine Learning Technology and Methodology, Pandas Software Package, Pyspark/Spark Framework, SQL Programming Language, SPARQL Programming, MongoDB Database, Microsoft Power BI, Github Version Controls, GitLab Version Controls, Amazon SageMaker Cloud Machine-Learning, Boosting with XGBoost, Scikit-Learn Framework, Keras Framework, Java Programming Language, Spring MVC-Spring Boot, Python Programming Language, JavaScript Programming, AWS Tool, Terraform Enterprise Tool"
138,139,DuyenHM,Tester/DA,"Python Programming Language, AWS Tool, Microsoft Power BI, Qlik Sense, Tableau Online and Desktop Tools, SQL Programming Language, Time Management Abilities, Amazon QuickSight-Fast Business Analytics Service, Data Analysis, Data Exploring and Data Visualizations, Manual Testing, SAP Technology, Amazon Redshift Cloud Data Warehouse"
139,140,DuyDQ4,DEV,"ReactJS Front-end Web Framework, UI/UX Foundation, JavaScript Programming"
140,141,DuongTT11,DEV,"Python Programming Language, SQL Programming Language, Tensorflow Framework, Scikit-Learn Framework, MySQL Database, PostgreSQL Database, Github Version Controls, Flask WSGI Micro Web Framework, Computer Vision, Recurrent Neural Networks (RNNs), Logistics Regression Algorithm, Flexibility/Adaptability, Time Management Abilities, Critical Thinking and Problem Solving, Data Mining and Segmentation Techniques."
141,142,DuongBT1,Tester,"Software Testing Engineering, System Testing, Regression Testing, Design Non-Functional Requirements, Performance Testing"
142,143,DungTHN,DEV,"Visual C# .NET Programming Language, PHP OOP Programming, Microservice, Github Version Controls, SQL Server Database, XML-eXtended Markup Language, PostgreSQL Database, JavaScript Programming, Angular Front-end Web Framework, ReactJS Front-end Web Framework, JQuery Library and Programming, Jira Software and Tool, ASP.NET MVC, Microsoft Excel, Jenkins Framework and Tool"
143,144,Nguyen Quang Dung,DE,"Python Programming Language, SQL Programming Language, MatLab Programming Language, Machine Learning Technology and Methodology, Computer Vision, Flask WSGI Micro Web Framework"
144,145,DungLXH,DEV/DA,"Python Programming Language, SQL Programming Language, Pyspark/Spark Framework, JavaScript Programming, AWS Tool, Microservice, Apache Spark Framework, Microsoft Power BI, Docker Tool, Jenkins Framework and Tool"
145,146,DungDD7,DEV,"JavaScript Programming, Visual C# .NET Programming Language, AWS Tool, Github Version Controls, MySQL Database"
146,147,DucTM32,DE,"JavaScript Programming, Python Programming Language, AWS Tool, Github Version Controls, MySQL Database, Microsoft Power BI, SSRS for Microsoft Dynamics, Microsoft PowerShell Scripting, GraphQL Programming, BigQuery Programming Language"
147,148,DucTA11,DEV,"Android Apps Development with Device Connections, Java Programming Language, ASP.NET Web API and Communication, Visual C# .NET Programming Language, Xamarin Framework, XML-eXtended Markup Language, Pyspark/Spark Framework, SQLite Database, SQL Programming Language, JavaScript Programming, Big Data Technology"
148,149,DucLM24,DEV,"Java Programming Language, Visual C# .NET Programming Language, SQL Programming Language, SQL Server Database, TypeScript Programming Language, SQL Server Database, Json Web Token, Github Version Controls, Microservice, AWS Tool, Docker Tool, PostgreSQL Database, JavaScript Programming, AngularJS Front-end Web Framework, JQuery Library and Programming, SQLite Database, Bootstrap Framework, UI / UX Design"
149,150,DongHM,DEV,"Java Programming Language, SQL Programming Language, SQL Server Database, TypeScript Programming Language, SQL Server Database, Json Web Token, Github Version Controls, Microservice, JQuery Library and Programming, Spring Framework"
150,151,DinhND3,DE,"Python Programming Language, MySQL Database, Machine Learning Technology and Methodology, Pandas Software Package, Pyspark/Spark Framework, SQL Programming Language, Microsoft Power BI, Github Version Controls, GitLab Version Controls, Scikit-Learn Framework, Keras Framework, Matplotlib Library, PostgreSQL Database, Flask WSGI Micro Web Framework, Computer Vision"
151,152,DiemTTN,DE,"Python Programming Language, SQL Programming Language, Microsoft Power BI, Github Version Controls, Java Programming Language, Tableau Online and Desktop Tools, Microsoft Visio, SAS Data Management Tool, SPSS Statistical Package"
152,153,DatLT37,DA,"Python Programming Language, Microsoft Power BI, Tableau Online and Desktop Tools, SQL Programming Language, SAS Statistical Analysis System"
153,154,DanhTT,QC,"SQL Programming Language, System Testing, Regression Testing, Unit Test and Automaition Test, Unit (White box) Testing"
154,155,DangTH32,DEV,"Python Programming Language, SQL Programming Language, Microsoft Power BI, Github Version Controls, Tableau Online and Desktop Tools, Pyspark/Spark Framework"
155,156,CuongDV21,DEV,"Java Programming Language, Visual C# .NET Programming Language, TypeScript Programming Language, SQL Server Database, Json Web Token, Github Version Controls, Microservice, AWS Tool, Docker Tool, PostgreSQL Database, JavaScript Programming, AngularJS Front-end Web Framework, JQuery Library and Programming"
156,157,CuongDQ12,DEV,"JavaScript Programming, Microservice, Json Web Token, Github Version Controls, AWS Tool, Docker Tool, CSS Animation, PostgreSQL Database, JavaScript Programming, MongoDB Database"
157,158,CongND2,DA,"Microsoft Power BI, Tableau Online and Desktop Tools, Azure Databricks, SQL Programming Language, Data Exploring and Data Visualizations, Database Transformation and Loading, BigQuery Programming Language"
158,159,ChinhVNC,DE,"Visual C# .NET Programming Language, SQL Programming Language, SQL Server Database, Microservice, OOP and C/C++ Programming Language, Visual C# .NET Programming Language, Python Programming Language, Microsoft Power BI, Pyspark/Spark Framework, Computer Vision, Keras Framework, Deep Learning Models, Machine Learning Technology and Methodology"
159,160,ChiemCNN,DEVOp,"Linux Operation System, Kubernetes Tool, Shell Scripting, AWS Tool, Microservice, Jenkins Framework and Tool, PostgreSQL Database"
160,161,ChauTV,DEV,"Visual C# .NET Programming Language, SQL Programming Language, SQL Server Database, Microservice, OOP and C/C++ Programming Language, Python Programming Language, Microsoft Power BI, Pyspark/Spark Framework, Computer Vision, Keras Framework, Deep Learning Models, Machine Learning Technology and Methodology, JavaScript Programming, JQuery Library and Programming, AngularJS Front-end Web Framework, ReactJS Front-end Web Framework, React Native Mobile Application Framework, Pyspark/Spark Framework, MySQL Database, MongoDB Database, ASP.NET Core, Entity Framework ORM and Programming, Microsoft SharePoint Framework, Firebase Realtime Database, PowerShell Scripts, Linux Operation System, Redux Saga API"
161,162,CanhNT,DE,"OOP and C/C++ Programming Language, Python Programming Language, SQL Programming Language, CSS Animation"
162,163,BaoNTQ1,DEV,"Java Programming Language, Spring Framework, Json Web Token, AWS Tool, PostgreSQL Database, JavaScript Programming, OOP and C/C++ Programming Language, Visual C# .NET Programming Language"
163,164,BaoNN,BA,"Python Programming Language, MySQL Database, SQL Programming Language, JavaScript Programming, Django high-level Web Framework, Balsamiq Mockups Software, Draw.io Online Design, Figma Tool, Microsoft Visio, Visual Paradigm Software, Data Analysis, Data Exploring and Data Visualizations"
164,165,BaoN4,DA,"Data Analysis, Data Exploring and Data Visualizations, Python Programming Language, R Programming Language, SAS Programming Language, Machine Learning Technology and Methodology, Microsoft Excel, SQL Programming Language, Event-driven Architecture (EDA), Github Version Controls, Docker Tool, Tableau Online and Desktop Tools"
165,166,BaoNH6,DE,"SQL Programming Language, SQL Server Database, OOP and C/C++ Programming Language, Python Programming Language, Pyspark/Spark Framework, Machine Learning Technology and Methodology, Docker Tool, Apache Spark Framework"
166,167,BacTC,DE,"Data Warehouse, Python Programming Language, Pyspark/Spark Framework, PostgreSQL Database, MySQL Database, Amazon Redshift Cloud Data Warehouse, Cassandra Database, Data PreProcessing and Data Modeling, Microsoft Power BI, Tableau Online and Desktop Tools, Apache Spark Framework"
167,168,Arun.a,SA,"Python Programming Language, JavaScript Programming, Ajax Scripts, Django high-level Web Framework, Selenium Web Automation Tool, Github Version Controls, Json Web Token, Pandas Software Package, AWS Tool, NumPy Library and Programming, RabbitMQ Message Queue, Redis Database, CSS Animation, PostgreSQL Database, JavaScript Programming, Ajax Scripts, Jenkins Framework and Tool, JQuery Library and Programming"
168,169,AnVT1,DEV,"Python Programming Language, JavaScript Programming, PHP OOP Programming, Bootstrap Framework, Github Version Controls, Django high-level Web Framework, SQLite Database"
169,170,AnhTT59,DA,"Python Programming Language, Microsoft Excel, BigQuery Programming Language, Google Data Studio, Microsoft Power BI, UNIX / Linux OS Bash Scripting, Apache Hadoop Real-time Processing Framework, Machine Learning Technology and Methodology, Cloud Storage Transfer Service, Cloud Storage, Google Cloud Bigtable, Power BI Reporting"
170,171,AnhPTD,DE,"Python Programming Language, SQL Programming Language, Pandas Software Package, NumPy Library and Programming, Tensorflow Framework, Apache Spark Framework, Machine Learning Technology and Methodology, AWS Tool, Scikit-Learn Framework, Data Analysis, Microsoft Power BI, Tableau Online and Desktop Tools, The ElasticSearch Engine, Java Programming Language, OOP and C/C++ Programming Language, JavaScript Programming, Ruby on Rails Web Application Framework, Symfony Framework, Big Data Technology"
171,172,AnhNTT11,DE/DA,"SQL Programming Language, Microsoft Power BI, Tableau Online and Desktop Tools, Python Programming Language, Data Analysis, Data Exploring and Data Visualizations, SSIS - SQL Server Integrated Services"
172,173,AnhNHT2,DEV,"Python Programming Language, SQL Programming Language, Pandas Software Package, NumPy Library and Programming, Tensorflow Framework, Apache Spark Framework, Machine Learning Technology and Methodology, Scikit-Learn Framework, Data Analysis, Big Data Technology, PyTorch Framework, Database Management, Probability and Statistics Methodology"
173,174,AnhND56,DE,"Python Programming Language, SQL Programming Language, Tensorflow Framework, Apache Spark Framework, Machine Learning Technology and Methodology, Data Analysis, Big Data Technology, PyTorch Framework, Database Management, Probability and Statistics Methodology, Pandas Software Package, Java Programming Language, JavaScript Programming, NodeJS Back-end Web Application Framework, JQuery Library and Programming, Github Version Controls"
174,175,AnBM,DA,"R Programming Language, Tableau Online and Desktop Tools, Rapidminer Tool, Data Exploring and Data Visualizations, Data Analysis, Database Transformation and Loading"
175,176,LongN,DA/PM,"Scrum Framework and Agile Model, Technical Project Management, Pyspark/Spark Framework, SQL Programming Language, Visual Studio IDE, Java Programming Language, JavaScript Programming, QML Programming Language, Big Data Technology, Python Programming Language"
176,177,ThienLD6,DEV,"Java Programming Language, Apache Groovy Scripting, Spring MVC-Spring Boot, Java and Hibernate ORM, NodeJS Back-end Web Application Framework, ReactJS Front-end Web Framework, Maven Artifact, Azure Database for PostgreSQL, Oracle PL/SQL Programming Language, JavaScript Programming, Python Programming Language, Pyspark/Spark Framework"
177,178,DinhMA,DEV,"NodeJS Back-end Web Application Framework, ReactJS Front-end Web Framework, JavaScript Programming, TypeScript Programming Language, GraphQL Programming, MongoDB Database, Redux Saga API"
178,179,ThanhDD22,DEV,"Spring MVC-Spring Boot, Java and Hibernate ORM, Apache Groovy Scripting, Java Programming Language, AWS Data-driven Workflows, Docker Enterprise Container Platform, NodeJS Back-end Web Application Framework, ReactJS Front-end Web Framework, Maven Artifact, Angular Front-end Web Framework, Android Native Apps Development, Swift Programming Language"
179,180,TinhNT12,DEV,"JavaScript Programming, Python Programming Language, NodeJS Back-end Web Application Framework, Azure Database for PostgreSQL, Pyspark/Spark Framework, SQL Programming Language, Hadoop MapReduce Programming Model, MongoDB Database"
180,181,TrinhLTT2,DA,"Basic Design of Logical Data Modeling, Basic Design of Physical Data Modeling, Product Roadmaps Design, SWOT Analysis Scenario, Database Migration Plan and Strategy, Data Analytical Techniques, Data Exploring and Data Visualizations"
181,182,UyenNTH3,DE,"SQL Programming Language, Java Programming Language, Spring MVC-Spring Boot, Java and Hibernate ORM, OOP and C/C++ Programming Language"
182,183,VuH1,DEV,"Java Programming Language, Spring MVC-Spring Boot, Java and Hibernate ORM, AWS Data-driven Workflows, Docker Enterprise Container Platform, NodeJS Back-end Web Application Framework, ReactJS Front-end Web Framework, Maven Artifact, Azure Database for PostgreSQL, TypeScript Programming Language"
183,184,HanVTH,DS,"Python Programming Language, Pyspark/Spark Framework, R Programming Language, AI and Machine Learning Application, MySQL Database, Probability and Statistics Methodology, Neural Network, Computer Vision"
184,185,DungDD5,DEV,"Java Programming Language, Python Programming Language, Spring MVC-Spring Boot, Java and Hibernate ORM, SQL Programming Language, AWS Data-driven Workflows, Oracle PL/SQL Programming Language, Pyspark/Spark Framework, Android Native Apps Development, Maven Artifact, NodeJS Back-end Web Application Framework, ReactJS Front-end Web Framework, Angular Front-end Web Framework, JavaScript Programming"
185,186,TramTMA,BA,"Scrum Framework and Agile Model, Use Case Diagram, Design and Implementation of Sequence Diagram, Figma Tool, MySQL Database"
186,187,AnhMND,DEV/DE,"Python Programming Language, Pyspark/Spark Framework, Java Programming Language, AWS Data-driven Workflows, AI and Machine Learning Application, SQL Programming Language, JavaScript Programming, PHP OOP Programming, Linux Operation System"
187,188,AnhPN9,BA,"Python Programming Language, Pyspark/Spark Framework, Azure Database for PostgreSQL, Power BI-Data Analytics & Reporting, Presentation, Leadership"
188,189,DatNP12,DS,"Python Programming Language, MatLab Programming Language, PyTorch Framework, Scikit-Learn Framework, Tensorflow Framework, SAS Statistical Analysis System, Deep Learning Models, AI and Machine Learning Application, Convolutional Neural Networks, Data Collection and Data Classification, UNIX / Linux OS Bash Scripting"
189,190,HaH5,DEV,"Python Programming Language, MySQL Database, Azure Database for PostgreSQL, JavaScript Programming, Tableau Online and Desktop Tools, MatLab Programming Language, Pyspark/Spark Framework, Scikit-Learn Framework, Pandas Software Package, PyTorch Framework, Apache Kafka Distributed Streaming Platform, Apache Nifi"
190,191,HienLT16,DEV,"Java Programming Language, Pyspark/Spark Framework, Python Programming Language, Spring MVC-Spring Boot, Java and Hibernate ORM, AWS Data-driven Workflows, Docker Enterprise Container Platform, RabbitMQ Message Queue, Maven Artifact, Angular Front-end Web Framework, Azure Database for PostgreSQL, TypeScript Programming Language, JavaScript Programming"
191,192,HuyenNTN5,Scrum Master,"Scrum Framework and Agile Model, Calculate the Timescale, Tasks Estimation and Definition, Waterfall Methodology, Jira Software and Tool, UAT (User Acceptance Testing) Testing"
192,193,LongBV1,DE,"Python Programming Language, Azure Database for PostgreSQL, MySQL Database, JavaScript Programming, Power BI-Data Analytics & Reporting, Pyspark/Spark Framework, Scikit-Learn Framework, Pandas Software Package, PyTorch Framework, Apache Kafka Distributed Streaming Platform, Apache Nifi, Azure Cloud Services and Infrastructure, AWS Glue-Prepare and Load Data"
193,194,NhanPH1,DEV,"Visual C# .NET Programming Language, ASP.NET Web API and Communication, Entity Framework ORM and Programming, MySQL Database, Windows Presentation Foundation (WPF), Angular Front-end Web Framework, Azure Cloud Service and Infrastructure"
194,195,TuanHH2,DEV,"ASP.NET Web API and Communication, Python Programming Language, Java and Hibernate ORM, KendoUI Controls, Azure Database for PostgreSQL, JavaScript Programming, MySQL Database"
195,196,AnhLQ6,DEV,"Java Programming Language, Python Programming Language, Spring MVC-Spring Boot, Java and Hibernate ORM, SQL Programming Language, AWS Data-driven Workflows, Oracle PL/SQL Programming Language, Pyspark/Spark Framework, Android Native Apps Development, Maven Artifact, NodeJS Back-end Web Application Framework, ReactJS Front-end Web Framework, Angular Front-end Web Framework, JavaScript Programming"
196,197,TruongTC,DEV,"Python Programming Language, Visual C++ .NET/MFC Programming Language, AWS CloudTrail Service, Linux Operation System"
197,198,TungOV,DEV,"Python Programming Language, Java Programming Language, Pyspark/Spark Framework, NodeJS Back-end Web Application Framework, ReactJS Front-end Web Framework, Azure Database for PostgreSQL"
198,199,UyenNPN,BA,"Presentation, Use Case Diagram, Rstudio, Power BI Reporting, Tableau Online and Desktop Tools"
199,200,HoangNM22,DEV,"Visual C# .NET Programming Language, ASP.NET Web API and Communication, Azure Cloud Services and Infrastructure, Angular Front-end Web Framework, SQL Programming Language, TypeScript Programming Language, JavaScript Programming"
200,201,HuyenNTT39,DA,"Azure Database for PostgreSQL, MySQL Database, Scikit-Learn Framework, Pandas Software Package, NumPy Library and Programming, Selenium Web Automation Tool, Power BI Reporting, Tableau Online and Desktop Tools"
201,202,LamNS6,DEV,"ASP.NET Web API and Communication, Spring MVC-Spring Boot, SQL Programming Language, XAML-eXtended Application Markup Language, Azure Database for PostgreSQL, JavaScript Programming, WordPress Platform, Python Programming Language, Pyspark/Spark Framework"
202,203,ThanhHM13,DE,"MySQL Database, Django ORM, Linux Operation System, Docker Enterprise Container Platform, ReactJS Front-end Web Framework, Pyspark/Spark Framework, Azure Kubernetes Service (AKS), NodeJS Back-end Web Application Framework, Jenkins Framework and Tool, Terraform Enterprise Tool, Neo4j Database, CUDA Programming Model, PyTorch Framework, Tensorflow Framework"
203,204,ThemND2,DEV,"Python Programming Language, Java Programming Language, Pyspark/Spark Framework, SQL Server Database, JavaScript Programming, Azure Database for PostgreSQL, Visual C++ .NET/MFC Programming Language"
204,205,PhongTD6,DEV,"Python Programming Language, Visual C++ .NET/MFC Programming Language, NodeJS Back-end Web Application Framework, ReactJS Front-end Web Framework, Visual C# .NET Programming Language, AWS Cloud Services and Infrastructure, Azure Database for PostgreSQL, JavaScript Programming, TypeScript Programming Language"
205,206,NamBCN,DEV,"Python Programming Language, Django high-level Web Framework, ReactJS Front-end Web Framework, AWS Tool, Data Exploring and Data Visualizations, Microsoft Power BI, Probability and Statistics Methodology"
206,207,NamLPH,DE,"AWS Tool, PHP OOP Programming, NodeJS Back-end Web Application Framework, Linux Operation System, AngularJS Front-end Web Framework, MySQL Database, MongoDB Database, SQL Programming Language"
207,208,NamNH65,DEV,"SDLC (Software Development Life Cycle) Methodology, Objective-C Programming Language (iOS Native), Swift Programming Language (iOS Native), React Native Mobile Application Framework, Flutter Framework, Xamarin Framework"
208,209,NamPQ20,DA,"Machine Learning Technology and Methodology, Data Analysis, Python Programming Language, SQL Programming Language, R Programming Language, Data Warehouse, Microsoft Power BI, Airbus Skywise"
209,210,NganNTN2,DEV,"Oracle ERP, Java Programming Language, Angular Front-end Web Framework, Microservice, Spring Framework, Azure Cloud Services and Infrastructure, Agile Scrum Model and Methodology, Java Restful Web Services, Object-Oriented Design Patterns, Struts MVC framework, IBM DB2 Database Development, JSX - JavaScript XML"
210,211,NghiaTH5,DEV,"JavaScript Programming, Visual C# .NET Programming Language, ASP.NET Web Services Development and Deployment, Windows Presentation Foundation (WPF), WCF (Windows Communication Foundation), Ajax Scripts, ASP.NET MVC, ASP.NET Web Forms, .NET Entity Framework, Java Programming Language, PHP OOP Programming, Visual C# .NET Programming Language"
211,212,NghiNTB,DA,"SQL Server Database, R Programming Language, Tableau Online and Desktop Tools, Microsoft Power BI, Predictive Modelling and Analysis, Python Programming Language, Data Exploring and Data Visualizations, Data Analysis, Microsoft Power BI, Data Warehouse"
212,213,NgocNK5,DEV/DE/PM,"SDLC (Software Development Life Cycle) Methodology, Data Analysis, Machine Learning Technology and Methodology, Big Data Technology, Critical Thinking and Problem Solving, Selenium Web Automation Tool, Python Programming Language, Shell Scripting, VBA Programming Language, Django high-level Web Framework"
213,214,NgocTN1,BA/Scrum Master,"Data Modeling and Data Mining, Data Exploring and Data Visualizations, Scrum Sprint, Agile Scrum Model and Methodology, Data Analysis, SQL Server Database, Microsoft Power BI, Tableau Online and Desktop Tools, Pentaho Business Intelligence Software, Clustering and Time Series Analytics Technique"
214,215,NguyenNH5,DEV,"Quality Assurance and Quality Control (QAC), Data Analysis, JavaScript Programming, SQL Server T-SQL Programming Language, OOP and C/C++ Programming Language, Visual C# .NET Programming Language, AngularJS Front-end Web Framework, Microsoft Power BI, Sisense BI Tool, Salesforce Platform"
215,216,NguyenPM,DEV,"TestComplete Automation Testing Tool, UI/UX Foundation, JavaScript Programming, VueJS Front-end Web Framework, Cucumber Behavior-Driven Tool"
216,217,NguyenTD5,DEV,"Visual C# .NET Programming Language, Python Programming Language, JavaScript Programming, Data Analysis, SQL Server Database, Github Version Controls, SVN-Apache Subversion, Scrum Framework and Agile Model, Waterfall Methodology, Microsoft Power BI, SQL Programming Language, Pyspark/Spark Framework, XML-eXtended Markup Language, NodeJS Back-end Web Application Framework, AngularJS Front-end Web Framework, Plan and Approach for Business Analysis, Apache Spark Framework, AWS Tool"
217,218,NguyenTD6,DEV,"ReactJS Front-end Web Framework, AngularJS Front-end Web Framework, Spring Framework, Unit Test and Automaition Test, CSS Animation, TypeScript Programming Language"
218,219,NguyetTT4,DE,"SQL Programming Language, MySQL Database, SSIS - SQL Server Integrated Services, Data Analysis, SQL Server Database"
219,220,NhamNX1,DE,"Python Programming Language, OOP and C/C++ Programming Language, Java Programming Language, Machine Learning Technology and Methodology, Computer Vision"
220,221,NhiLA1,DEV,"ReactJS Front-end Web Framework, Angular Front-end Web Framework, TypeScript Programming Language, JavaScript Programming, MySQL Database, Bootstrap Framework, SQL Programming Language, Github Version Controls, Java Programming Language"
221,222,NhiLM,DEV,"JavaScript Programming, Python Programming Language, ReactJS Front-end Web Framework, SQL Server Database"
222,223,NhuDT1,DEV,"Python Programming Language, Java Programming Language, Visual C# .NET Programming Language, JavaScript Programming, SQL Server Database, SQL Programming Language"
223,224,NhungVTH8,DE,"Data Analysis, Data Exploring and Data Visualizations, Python Programming Language, Machine Learning Technology and Methodology"
224,225,NhutNH5,DEV,"Python Programming Language, JavaScript Programming, PHP and MVC Model, OOP and C/C++ Programming Language, Visual C# .NET Programming Language, Technical Project Management, Jira Software and Tool, Microsoft Excel"
225,226,NinhNT6,DEV,"Java Programming Language, ReactJS Front-end Web Framework, Ruby Programming Language, NodeJS Back-end Web Application Framework, AWS Tool, OOP and C/C++ Programming Language, Visual C# .NET Programming Language, ASP.NET MVC, Bootstrap Framework, Java and Hibernate ORM, Oracle Database, PostgreSQL Database"
226,227,PhanNT2,DS,"Data Analysis, Python Programming Language, Deep Learning Models, Probability and Statistics Methodology"
227,228,PhongNP,SA,Java Programming Language
228,229,PhuongTC1,DA,"SQL Programming Language, Python Programming Language"
229,230,QuanL,DEV,"Data Analysis, Logistics Regression Algorithm, SVN Version Controls, Github Version Controls, Scrum Framework and Agile Model, Waterfall Methodology, Microsoft Excel, Jira Software and Tool"
230,231,QuanLM13,DEV,"Python Programming Language, Apache Spark Framework, JavaScript Programming, NodeJS Back-end Web Application Framework, MongoDB Database, Firebase Realtime Database, Flutter Framework, ReactJS Front-end Web Framework, OOP and C/C++ Programming Language"
231,232,QuanLMT,DA,"Data Analysis, Python Programming Language, Microsoft Power BI, Microsoft Excel, SQL Programming Language"
232,233,SonNM10,DEV,"Python Programming Language, SQL Programming Language, ReactJS Front-end Web Framework, Java Programming Language"
233,234,TaiNT28,DEV,"Python Programming Language, SQL Programming Language, ReactJS Front-end Web Framework, Java Programming Language, PostgreSQL Database, Ruby on Rails Framework, JavaScript Programming, JQuery Library and Programming, Scrum Framework and Agile Model, Github Version Controls, GitLab Version Controls, Jira Software and Tool"
234,235,TamTV10,DEV,"ReactJS Front-end Web Framework, Visual C# .NET Programming Language, AngularJS Front-end Web Framework, Java Programming Language"
235,236,TanTQM,PM,"Airbus Skywise, Scrum Framework and Agile Model, Resource Management, Management Accounting, Quality Management, Business Process Management"
236,237,ThaiNV24,DE,"Python Programming Language, SQL Programming Language, Azure DevOps Services and Tools, Power BI-Data Analytics & Reporting, JavaScript Programming, Scrum Framework and Agile Model"
237,238,ThanhNT122,DE,"Python Programming Language, JavaScript Programming, Big Data Technology, NumPy Library and Programming, Pandas Software Package, Scikit-Learn Framework, Pyspark/Spark Framework"
238,239,ThanhTHN4,DE,"Big Data Technology, AWS Cloud Service and Infrastructure, Python Programming Language, ReactJS Front-end Web Framework, NodeJS Back-end Web Application Framework, Pyspark/Spark Framework"
239,240,ThaoPQ,DA,"Data Modelling and Flowcharts Design, Data PreProcessing and Data Modeling, Data Analysis, Data Exploring and Data Visualizations, Python Programming Language, R Programming Language, Tableau Online and Desktop Tools, Power BI-Data Analytics & Reporting"
240,241,ThienND6,SA,"Java Programming Language, NodeJS Back-end Web Application Framework, JavaScript Programming"
241,242,ThienPN1,DEV,"Visual C# .NET Programming Language, ReactJS Front-end Web Framework, React Native Mobile Application Framework"
242,243,ThinTM1,DA/DS,"Machine Learning Technology and Methodology, Python Programming Language, SQL Programming Language, MatLab Programming Language, Power BI-Data Analytics & Reporting"
243,244,ThoaiPM,DS,"MySQL Database, MatLab Programming Language, Python Programming Language, OOP and C/C++ Programming Language, Tensorflow Framework, Keras Framework, AWS Cloud Service and Infrastructure"
244,245,ThoLNQ,DE,"OOP and C/C++ Programming Language, Java Programming Language, SQL Programming Language"
245,246,ThuanDV11,DE,"AWS Cloud Service and Infrastructure, Data Analysis, Python Programming Language, Power BI-Data Analytics & Reporting, Pyspark/Spark Framework, Tableau Online and Desktop Tools"
246,247,ThuongNC,QA,"Automation Testing, Manual Testing, Performance Testing"
247,248,ThuPV1,DE,"Apache Nifi, Oracle Database, Python Programming Language, SQL Programming Language, MySQL Database"
248,249,ThuyDD7,DE,"Python Programming Language, Java Programming Language, AWS Cloud Service and Infrastructure"
249,250,TinNV1,SE,"Visual C# .NET Programming Language, Azure DevOps Services and Tools, Google Cloud Functions, Data Warehouse, Visual C# .NET Programming Language, ASP.NET Core, WCF (Windows Communication Foundation), SQL Programming Language, RabbitMQ Message Queue, Redis Database"
250,251,ToanNT21,DA,"Python Programming Language, MySQL Database, Clustering and Time Series Analytics Technique, Logistics Regression Algorithm, Rstudio, Tableau Online and Desktop Tools"
251,252,TranTTN,DEV,"Machine Learning Technology and Methodology, Python Programming Language, Data Analysis, SQL Programming Language, Google Cloud Functions, JavaScript Programming, Tableau Online and Desktop Tools, Power BI-Data Analytics & Reporting, MongoDB Database"
252,253,TriDH4,DA,"SQL Programming Language, Data Analysis, Python Programming Language"
253,254,TriNM17,BA,"SQL Programming Language, Python Programming Language, Acceptance and Evaluation Criteria Definition"
254,255,TrungHT5,DE,"SQL Programming Language, Python Programming Language, OOP and C/C++ Programming Language, JavaScript Programming, MongoDB Database, MySQL Database, PostgreSQL Database, AWS Cloud Service and Infrastructure, JavaScript Programming, Scrum Framework and Agile Model, Waterfall Methodology, Hadoop MapReduce Programming Model, Angular Front-end Web Framework, NodeJS Back-end Web Application Framework, Pyspark/Spark Framework, Kubernetes Tool, Docker Enterprise Container Platform"
255,256,TrungHV9,DA,"Machine Learning Technology and Methodology, Data Exploring and Data Visualizations, Python Programming Language, Tensorflow Framework, Scikit-Learn Framework, R Programming Language, Tableau Online and Desktop Tools"
256,257,TuanPV25,DE,"Python Programming Language, Java Programming Language, OOP and C/C++ Programming Language, SQL Programming Language"
257,258,TuanVA22,DE,"SQL Data Warehouse, Data Exploring and Data Visualizations, Machine Learning Technology and Methodology, SQL Programming Language"
258,259,TuDT9,DEV,"Java Programming Language, Oracle Database, Python Programming Language, Tensorflow Framework, Scikit-Learn Framework, MySQL Database"
259,260,TungHM4,DE/DA,"SQL Data Warehouse, Data Exploring and Data Visualizations, Python Programming Language, AWS Cloud Service and Infrastructure, Power BI-Data Analytics & Reporting"
260,261,TuPM3,DE,"Python Programming Language, Big Data Technology, Pyspark/Spark Framework, Java Programming Language, AWS Cloud Service and Infrastructure, TypeScript Programming Language"
261,262,TuyenNBB,DEV,"Java Programming Language, Visual C# .NET Programming Language"
262,263,TamTV10,DEV,"JavaScript Programming, Angular Front-end Web Framework, Visual C# .NET Programming Language, ReactJS Front-end Web Framework"
263,264,VanHTK,DE,"Data Exploring and Data Visualizations, Power BI-Data Analytics & Reporting, SQL Programming Language, Python Programming Language, SQL Data Warehouse, Machine Learning Technology and Methodology, MatLab Programming Language"
264,265,VanTT12,DA,"Python Programming Language, PostgreSQL Database, Machine Learning Technology and Methodology, Big Data Technology"
265,266,VieTT5,DE,"Python Programming Language, R Programming Language, Tableau Online and Desktop Tools, Power BI-Data Analytics & Reporting, SQL Programming Language, Machine Learning Technology and Methodology, Data Exploring and Data Visualizations"
266,267,VinHNT48,DE,"Big Data Technology, MongoDB Database, SQL Data Warehouse, Pyspark/Spark Framework, Docker Enterprise Container Platform"
267,268,VinhNT49,DEV,"Python Programming Language, Tensorflow Framework, Scikit-Learn Framework, Docker Enterprise Container Platform"
268,269,VinhPH4,DE,"Power BI-Data Analytics & Reporting, SQL Programming Language, Python Programming Language, Machine Learning Technology and Methodology, SQL Data Warehouse, Tableau Online and Desktop Tools"
269,270,VuLHQ,DA,"Python Programming Language, SQL Programming Language"
270,271,VuTA12,DE,"Python Programming Language, SQL Programming Language, Power BI-Data Analytics & Reporting, AWS Cloud Service and Infrastructure"
271,272,VyBTT,DEV,"Java Programming Language, SQL Programming Language, OOP and C/C++ Programming Language, SQL Programming Language"
272,273,YenNH18,DA,"Data Exploring and Data Visualizations, Python Programming Language, SQL Programming Language, Power BI-Data Analytics & Reporting"
273,274,QuyenNH5,DA,"Python Programming Language, SQL Programming Language, Power BI-Data Analytics & Reporting, Oracle Database, Pyspark/Spark Framework, Data Analysis, Big Data Technology"
274,275,AnhDTN9,DA,"Data Exploring and Data Visualizations, Data PreProcessing and Data Modeling, Pentaho Business Intelligence Software, Python Programming Language, Microsoft Power BI, Tableau Online and Desktop Tools, Data Analysis"
275,276,AnhNH84,DS,"Python Programming Language, C++ Aerospace Engineering Programming, MatLab Programming Language, Tensorflow Framework, PyTorch Framework, Scikit-Learn Framework, Support Vector Machines (SVM), Bagging with Random Forests Algorithm, Constrained Linear Regression Algorithm"
276,277,AnhLNH,PM/BA,"Microsoft Office Online, AWS Tool, JIRA Atlassian, Asana or Trello Software, Business Process Management and Workflow, Scrum Framework and Agile Model, Customer Services, Adobe PhotoShop Software, System Requirement Specification (SRS/SRD), SRS Review and Evaluation, Microsoft Visio Software, Axure Mockups, Draw.io Online Design"
277,278,AnhVN7,DEV,"Java Programming Language, JavaScript Platform"
278,279,BaoNK4,DA,"Data Exploring and Data Visualizations, Spatial Anchors, Tableau Online and Desktop Tools, SQL Programming Language, Python Programming Language, SPSS Statistical Package, Matlab Tool, Docker Enterprise Container Platform, Machine Learning Technology and Methodology, Data Analysis"
279,280,CongND3,DA,"SQL Programming Language, Tableau Online and Desktop Tools, BigQuery Programming Language, Microsoft Power BI, Data Exploring and Data Visualizations, Financial Data Analysis, Data Analysis, Azure Databricks"
280,281,DanhNT12,DE,"Microsoft Power BI, Hadoop MapReduce Programming Model, Python Programming Language, C++ Automotive Programming, Java Programming Language, JavaScript Programming, Data Warehouse, ETL/ELT ??Tactical and Strategic"
281,282,DatNV12,DEV,"JavaScript Programming, NodeJS Back-end Web Application Framework, ReactJS Front-end Web Framework, VueJS Front-end Web Framework, Java Programming Language, Visual C# .NET Programming Language, SQL Programming Language, PHP Server Scripting Language"
282,283,DePQ,DE,"Data Warehouse, Python Programming Language, Data Analysis, Data Exploring and Data Visualizations, SQL Programming Language, ReactJS Front-end Web Framework, Microsoft Power BI, ETL/ELT ??Tactical and Strategic"
283,284,DiemHK,BA,"SQL Programming Language, JIRA Atlassian, Microsoft Office Online, Draw.io Online Design, Microsoft Visio Software, Banking CRM"
284,285,DongNT12,DEV,"ReactJS Front-end Web Framework, ASP.NET Core, ASP.NET MVC, .NET Entity Framework, JavaScript Platform, NodeJS Back-end Web Application Framework, CSS Preprocessor (LESS / SASS), SQL Server Database, PostgreSQL Database, Unit Test and Automaition Test, GraphQL Programming, Github Version Controls, NextJS Front-end Web Framework, Flutter Framework"
285,286,DungNQ26,DS,"Python Programming Language, Computer Vision, Machine Learning Technology and Methodology, SQL Programming Language, SQL Server Database, Flask WSGI Micro Web Framework, Data PreProcessing and Data Modeling, Deep Learning Models, Data Analysis, Convolutional Neural Networks"
286,287,GaelDTK,DEV,"ReactJS Front-end Web Framework, JavaScript Programming, Python Programming Language, Machine Learning Technology and Methodology, HTML5 Maker Tool, CSS Preprocessor (LESS / SASS), JQuery Library and Programming, NodeJS Back-end Web Application Framework, SQL Programming Language, MySQL MSQL Programming Language, PostgreSQL Database, Firebase Crashlytics, Github Version Controls, Convolutional Neural Networks, Keras Framework, Tensorflow Framework"
287,288,GiangVTH2,DS/DEV,"Machine Learning Technology and Methodology, Deep Learning Models, Predictive Modelling and Analysis, Computer Vision, MySQL Database, Oracle Database, Oracle PL/SQL Programming Language, Microsoft Power BI, Tableau Online and Desktop Tools, R Programming Language, Pyspark/Spark Framework, JIRA Atlassian, Confluence Atlassian, HTML5 Maker Tool, Java Programming Language, Hadoop MapReduce Programming Model, Apache Hive ETL and Data Warehousing Tool, Apache Pig High-level Platform or Tool, Docker Tool, Scala Programming Language"
288,289,HanhDTH9,DE,"Python Programming Language, SQL Programming Language, Apache Spark Framework, Terraform Enterprise Tool"
289,290,HanhNTA,DA,"Python Programming Language, SQL Programming Language, Matlab Tool, Microsoft Power BI, Data Warehouse, C Programming Language"
290,291,HaoLP,DE,"SSIS - SQL Server Integrated Services, Python Programming Language, SQL Programming Language, C Programming Language, C++ Automotive Programming, Hadoop MapReduce Programming Model, Data Warehouse, Microsoft Power BI"
291,292,HaoPTM,DE /DA,"Microsoft Office Online, Python Programming Language, SQL Programming Language, C++ Automotive Programming, Microsoft Power BI, .NET Core and Framework, MySQL Database, Redis Database, MongoDB Database, JavaScript Platform, Github Version Controls, HTML5 Maker Tool, Azure Advisor, Azure DevOps Services and Tools, Microsoft IIS Web Server, JavaScript Programming"
292,293,HieuTX3,DS,"Python Programming Language, Machine Learning Technology and Methodology, Scikit-Learn Framework, Pandas Software Package, Deep Learning Models, Data Warehouse, ETL/ELT ??Tactical and Strategic, SQL Programming Language, Data Exploring and Data Visualizations, Java Programming Language, JavaScript Platform, JavaScript Programming"
293,294,HoaiNN2,DE,"Data Warehouse, ETL/ELT ??Tactical and Strategic, Python Programming Language, SQL Programming Language, C Programming Language, Visual C# .NET Programming Language, R Programming Language, SSIS - SQL Server Integrated Services, SSAS for Microsoft Dynamics Analysis, Data PreProcessing and Data Modeling, Microsoft Power BI, Data Warehouse"
294,295,HoanNT19,DEV,"Python Programming Language, SQL Programming Language, C++ Automotive Programming, Service-Oriented Architecture (SOA), Django high-level Web Framework, Flask WSGI Micro Web Framework"
295,296,HungNT62,DA,"R Programming Language, Matlab Tool, SPSS Statistical Package, Java Programming Language, SQL Programming Language, Data Analysis"
296,297,HungTNV,DEV,"Kotlin Programming Language, Java Programming Language, C++ Automotive Programming, Visual C# .NET Programming Language, ReactJS Front-end Web Framework, VueJS Front-end Web Framework, Github Version Controls, SQL Programming Language"
297,298,HuyTDD,DA,"SSIS - SQL Server Integrated Services, SQL Server T-SQL Programming Language, Microsoft Power BI, Design and Develop Product Specific Test Cases, Jira Software and Tool, Power BI-Data Analytics & Reporting, Data Exploring and Data Visualizations, Manual Testing, Data Warehouse"
298,299,KhanhNHN,DE,"Data PreProcessing and Data Modeling, Python Programming Language, Deep Learning Models, SSIS - SQL Server Integrated Services, Microsoft Power BI, Machine Learning Technology and Methodology, Matlab Tool"
299,300,KhangNV4,PM/SM,"Syncsort Methodology for Mainframe System, Implement the Process of Project Quality Management"
300,301,KhanhVT3,DS,"Predictive Modelling and Analysis, Computer Vision, R Programming Language, JavaScript Programming, Scala Programming Language, Hadoop MapReduce Programming Model, Apache Spark Framework, Pyspark/Spark Framework, Docker Enterprise Container Platform, SQL Server T-SQL Programming Language, Oracle PL/SQL Programming Language, Redis Database, MongoDB Database, Neo4j Database, JIRA Atlassian, Confluence Atlassian, SQL Server Integrated Service (SSIS), Github Version Controls, GitLab Version Controls"
301,302,KhaNNB,DEV,"Python Programming Language, SQL Programming Language, Deep Learning Models, Microsoft Power BI, Machine Learning Technology and Methodology, Data Analysis, Tableau Online and Desktop Tools, Sisense BI Tool, Salesforce Platform, Pandas Software Package, Tensorflow Framework, Keras Framework, Scikit-Learn Framework"
302,303,KhoaND37,DE,"SQL Server T-SQL Programming Language, Salesforce Platform, NodeJS Back-end Web Application Framework, GitLab Version Controls, Data Warehouse, Linux/RedHat OS, Python Programming Language, Apache Spark Framework, Flask WSGI Micro Web Framework, Jupyter Notebook, Periscope, MySQL Database, Docker Enterprise Container Platform, Kafka Distributed Streaming Platform, Pandas Software Package, The Solr Search Engine, NGINX Application Platform, Redis Database, VBA Programming Language, JavaScript Programming, AngularJS Front-end Web Framework, SQL Server Database"
303,304,KhoaTGD,DE,"Java Programming Language, JavaScript Programming, OOP and C/C++ Programming Language, SQL Programming Language, NodeJS Back-end Web Application Framework"
304,305,KienHT15,DA,"Microsoft Excel, SQL Programming Language, Python Programming Language, R Programming Language, Apache Spark Framework, JavaScript Programming"
305,306,KienNT10,DEV,"React Native Mobile Application Framework, ReactJS Front-end Web Framework, NodeJS Back-end Web Application Framework, Flutter Framework, Github Version Controls, Json Web Token, Json Format Data Type, Firebase Crashlytics, JavaScript Programming, MySQL Database, NodeJS Back-end Web Application Framework"
306,307,LienVTK,Tester/PM,"Windows Server? Operating System, SQL Programming Language, Oracle Database, Java Programming Language, Selenium Web Automation Tool, TestNG Testing Framework, CMMI Level 5, Scrum Framework and Agile Model, Integration Testing, System Testing, UAT (User Acceptance Testing) Testing, Regression Testing"
307,308,LinhNT87,DE,"Data Exploring and Data Visualizations, OOP and C/C++ Programming Language, SQL Programming Language, Python Programming Language, Data Warehouse, Microsoft Power BI, Grafana Log Management Tool, Data Analysis, Data Mining and Segmentation Techniques, Machine Learning Technology and Methodology"
308,309,LongNH34,DEV,"Scikit-Learn Framework, Python Programming Language, Pandas Software Package, SciPy Library, Pyspark/Spark Framework, MongoDB Database, MySQL Database, Amazon DynamoDB Database, PostgreSQL Database, SQL Programming Language, Hadoop MapReduce Programming Model, Docker Enterprise Container Platform, TypeScript Programming Language, JavaScript Programming, R Programming Language, SAS Integrated System and Solutions, Angular Front-end Web Framework"
309,310,LongNNB,DEV,"SQL Server Database, PostgreSQL Database, Visual C# .NET Programming Language, OOP and PHP/ C Programming Language, Laravel Framework, Python Programming Language, Java Programming Language, NodeJS Back-end Web Application Framework, VueJS Front-end Web Framework, MongoDB Database"
310,311,LuanHV,DE / DS,"Data Exploring and Data Visualizations, Data Analysis, Python Programming Language, Machine Learning Technology and Methodology, Apache Spark Framework"
311,312,LuatTB,DE,"C++ Automotive Programming, Python Programming Language, Kafka Distributed Streaming Platform"
